SMILES,Name,Tb,Tb_info
CC1(C)COC(=O)C1O,(D)-PANTOLACTONE,,
CC(=O)OCC(COC(C)=O)OC(C)=O,"1,2,3-PROPANETRIOL, TRIACETATE",532.15,
COC(=O)c1ccccc1C(=O)OC,"1,2-BENZENEDICARBOXYLIC ACID, DIMETHYL ESTER",761.17,
CC(=O)OCCOC(C)=O,"1,2-ETHANEDIOL, DIACETATE",463.15,
OCCO,"1,2-ETHANEDIOL",675.0588889,
OCC(O)COCC(O)CO,"1,2-PROPANEDIOL, 3,3'-OXYDI",,
OCC(O)CCl,"1,2-PROPANEDIOL, 3-CHLORO",690.2255556,
CC(O)CO,"1,2-PROPANEDIOL",665.67,
Cc1nnc(C)o1,"1,3,4-OXADIAZOLE, 2,5-DIMETHYL",,
CCCCCCOC(=O)c1cccc(C(=O)OCCCCCC)c1,"1,3-BENZENEDICARBOXYLIC ACID, DIHEXYL ESTER",,
C=CC(=C)C,"1,3-BUTADIENE, 2-METHYL",511.3366667,
C=CC=C,"1,3-BUTADIENE",473.0588889,
O=C1OCC(CCl)O1,"1,3-DIOXOLAN-2-ONE, 4-CHLOROMETHYL",,
CC1COC(=O)O1,"1,3-DIOXOLAN-2-ONE, 4-METHYL",515.15,
O=C1OCCO1,"1,3-DIOXOLAN-2-ONE",521.15,
CCC(CO)(CO)CO,"1,3-PROPANEDIOL, 2-ETHYL, 2-HYDROXYMETHYL",433.15,160 °C @ 5 MM HG
CC(=O)OCCCOC(C)=O,"1,3-PROPANEDIOL, DIACETATE",482.65,
OCCCO,"1,3-PROPANEDIOL",487.55,
CCCCOC(=O)c1c(Cl)c(Cl)c(OC(=O)CCCOC(=O)c2c(Cl)c(Cl)c(C(=O)OCCCC)c(Cl)c2Cl)c(Cl)c1Cl,"1,4-BENZENEDICARBOXYLIC ACID, 2,3,5,6-TETRACHLORO, 1,3-PROPANEDIYL DIBUTYL ESTER",,
CCCOC(=O)c1c(Cl)c(Cl)c(OC(=O)CCCOC(=O)c2c(Cl)c(Cl)c(C(=O)OCCC)c(Cl)c2Cl)c(Cl)c1Cl,"1,4-BENZENEDICARBOXYLIC ACID, 2,3,5,6-TETRACHLORO, 1,3-PROPANEDIYL DIPROPYL ESTER",,
CCCCCCOC(=O)c1ccc(C(=O)OCCCCCC)cc1,"1,4-BENZENEDICARBOXYLIC ACID, DIHEXYL ESTER",,
CCCCOC(=O)c1c(Cl)c(Cl)c(C(=O)OCCCC)c(Cl)c1Cl,"1,4-BENZENEDICARBOXYLIC ACID, TETRACHLORO, DIBUTYL ESTER",,
CCCCCOC(=O)c1c(Cl)c(Cl)c(C(=O)OCCCCC)c(Cl)c1Cl,"1,4-BENZENEDICARBOXYLIC ACID, TETRACHLORO, DIPENTYL ESTER",,
CCCOC(=O)c1c(Cl)c(Cl)c(Cl)c(Cl)c1C(=O)OCCC,"1,4-BENZENEDICARBOXYLIC ACID, TETRACHLORO, DIPROPYL ESTER",,
COCC1(C)COc2ccc(C)cc2S1,"1,4-BENZOXATHIIN, 2,3-DIHYDRO-3-(METHOXYMETHYL)-3,6-DIMETHYL",,
OCCCCO,"1,4-BUTANEDIOL",707.4477778,
O=C1COCCO1,"1,4-DIOXAN-2-ONE",,
C1COCCO1,"1,4-DIOXANE",578.5588889,
O=S1CCOCC1,"1,4-OXATHIANE, 4-OXIDE",,
OCCCCCO,"1,5-PENTANEDIOL",512.15,
C=CCCCC=C,"1,6-HEPTADIENE",,
OCCCCCCO,"1,6-HEXANEDIOL",523.15,
SCCCCCCS,"1,6-HEXANEDITHIOL",,118.00 to 119.00 °C. @ 15.00 mm Hg
OCCCCCCCCCO,"1,9-NONANEDIOL",,
COC(=O)N1CC1,"1-AZIRIDINECARBOXYLIC ACID, METHYL ESTER",,
CCC(C)CO,"1-BUTANOL, 2-METHYL",401.15,
CC(C)CCO,"1-BUTANOL, 3-METHYL",609.67,
CCCCO,1-BUTANOL,595.17,
CCCC(=O)c1ccccc1,"1-BUTANONE, 1-PHENYL",501.65,
C=CCC,1-BUTENE,471.3366667,
N#CC1=CCCCC1,"1-CYCLOHEXENE-1-CARBOXYLIC ACID, NITRILE",,
CCCCCCCCCCO,1-DECANOL,707.4477778,
C=CCCCCCCCC,1-DECENE,648.0588889,
CCCCCCCCCCCCCCCCCCCCCCO,1-DOCOSANOL,453.15,180 °C at 0.22 mm Hg
CCCCCCCCCCCCO,1-DODECANOL,736.3366667,
C=CCCCCCCCCCCCCCCCCCC,1-EICOSENE,614.15,
OCC(F)(F)C(F)(F)C(F)(F)C(F)(F)C(F)(F)C(F)(F)F,"1-HEPTANOL, 2,2,3,3,4,4,5,5,6,6,7,7,7-TRIDECAFLUORO",,
OCC(F)(F)C(F)(F)C(F)(F)C(F)(F)C(F)(F)C(F)F,"1-HEPTANOL, 2,2,3,3,4,4,5,5,6,6,7,7-DODECAFLUORO",,
CCCCCCCO,1-HEPTANOL,653.5588889,
C=CCCCCC,1-HEPTENE,571.0588889,
C#CCCCCC,1-HEPTYNE,372.85,
CCCCCCCCCCCCCCCCO,1-HEXADECANOL,607.15,
C=CCCCCCCCCCCCCCC,1-HEXADECENE,558.05,
CCCCCCO,1-HEXANOL,634.5588889,
C=CCCCC,1-HEXENE,540.9477778,
C#CCCCC,1-HEXYNE,344.45,
O=Cc1cccc2ccccc12,1-NAPHTHALDEHYDE,565.15,
CCCCCCCCCO,1-NONANOL,690.2255556,
C=CCCCCCCC,1-NONENE,624.67,
CCCCCCCCCCCCCCCCCCO,1-OCTADECANOL,483.65,210.5 °C at 15 mm Hg
C=CCCCCCCCCCCCCCCCC,1-OCTADECENE,,
CCCCCCCCO,1-OCTANOL,672.4477778,
C=CCCCCCC,1-OCTENE,598.7255556,
C#CCCCCCC,1-OCTYNE,399.45,
OCC(F)(F)C(F)(F)C(F)(F)C(F)(F)F,"1-PENTANOL, 2,2,3,3,4,4,5,5,5-NONAFLUORO",,
OCC(F)(F)C(F)(F)C(F)(F)C(F)F,"1-PENTANOL, 2,2,3,3,4,4,5,5-OCTAFLUORO",413.65,
CCCCCO,1-PENTANOL,615.2255556,
C=C(C)CCC,"1-PENTENE, 2-METHYL",539.5588889,
C=CCCC,1-PENTENE,507.3366667,
O=S1(=O)CCCO1,"1-PROPANESULFONIC ACID, 3-HYDROXY, GAMMA-SULTONE",453.15,180 °C at 0.039 atm.
OCC(F)(F)C(F)F,"1-PROPANOL, 2,2,3,3-TETRAFLUORO",382.65,
CC(C)CO,"1-PROPANOL, 2-METHYL",584.67,
CCCO,1-PROPANOL,574.67,
CCC(=O)c1ccccc1,"1-PROPANONE, 1-PHENYL",490.65,
O=CN1CCCC1,1-PYRROLIDINECARBOXALDEHYDE,,
COC(=O)N1CCCC1,"1-PYRROLIDINECARBOXYLIC ACID, METHYL ESTER",,
CCCCCCCCCCCCCCO,1-TETRADECANOL,740.67,
CCCCCCCCCC(=O)CCCCCCCCC,10-NONADECANONE,,
CC(=O)C(C)=O,"2,3-BUTANEDIONE",565.2255556,
CCC(=O)CC(C)=O,"2,4-HEXANEDIONE",433.15,
CC(=O)CC(C)=O,"2,4-PENTANEDIONE",617.8366667,
CCOC(=O)c1ccc(C(=O)OCC)o1,"2,5-FURANDICARBOXYLIC ACID, DIETHYL ESTER",,
CC(=O)CCC(C)=O,"2,5-HEXANEDIONE",668.5588889,
CC(=O)CCCC(C)=O,"2,6-HEPTANEDIONE",,
CC(=O)CCCCC(C)=O,"2,7-OCTANEDIONE",,
CCC(O)C[N+](=O)[O-],"2-BUTANOL, 1-NITRO",,
CCC(C)(C)O,"2-BUTANOL, 2-METHYL",375.55,
CC(O)C(C)(C)[N+](=O)[O-],"2-BUTANOL, 3-METHYL, 3-NITRO",,
CC(O)C(C)[N+](=O)[O-],"2-BUTANOL, 3-NITRO",,
CCC(C)O,2-BUTANOL,576.8922222,
CC(=O)CCc1ccccc1,"2-BUTANONE, 4-PHENYL",506.65,
CCC(C)=O,2-BUTANONE,557.0588889,
C/C=C\C,2-BUTENE(CIS),275.4,
C/C=C/C,2-BUTENE(TRANS),275.4,
OC/C=C/CO,"2-BUTENE, 1,4-DIOL",,
CC=C(C)C,"2-BUTENE, 2-METHYL",311.65,
OCC#CCO,"2-BUTYNE, 1,4-DIOL",715.2255556,
COC(=O)C#CC(=O)OC,"2-BUTYNEDIOIC ACID, DIMETHYL ESTER",,
CC1=CC(=O)CC(C)(C)C1,"2-CYCLOHEXEN-1-ONE, 3,5,5-TRIMETHYL",692.67,
CCCCCCCCCCC(C)=O,2-DODECANONE,519.65,
COC(=O)c1ccco1,"2-FURANCARBOXYLIC ACID, METHYL ESTER",454.45,
N#Cc1ccco1,"2-FURANCARBOXYLIC ACID, NITRILE",420.15,
COC(=O)C1CCCO1,"2-FURANCARBOXYLIC ACID, TETRAHYDRO, METHYL ESTER",,
CCCCCC(C)=O,2-HEPTANONE,626.3366667,
CCCCC(O)C[N+](=O)[O-],"2-HEXANOL, 1-NITRO",,
CN1CCN(C)C1=O,"2-IMIDAZOLIDINONE, 1,3-DIMETHYL",494.15,
CCCCCCCC(C)=O,2-NONANONE,669.4477778,"377.6 °F at 743 mmHg (USCG, 1999)"
CCCCCCC(C)O,2-OCTANOL,452.4,
CCCCCCC(C)=O,2-OCTANONE,445.65,
CCN1CCOC1=O,"2-OXAZOLIDINONE, 3-ETHYL",,
CN1CCOC1=O,"2-OXAZOLIDINONE, 3-METHYL",,
O=C1OCCN1CCO,"2-OXAZOLIDONE, N-HYDROXYETHYL",,
CCCC(O)C[N+](=O)[O-],"2-PENTANOL, 1-NITRO",,
CCCC(C)O,2-PENTANOL,589.67,"234 °F at 760 mmHg (NIOSH, 2022)"
CC(=O)CC(C)C,"2-PENTANONE, 4-METHYL",389.65,
CCCC(C)=O,2-PENTANONE,375.35,
CN1CCCCC1=O,"2-PIPERIDONE, 1-METHYL",,
OC(C(F)(F)F)C(F)(F)F,"2-PROPANOL, 1,1,1,3,3,3-HEXAFLUORO",536.3366667,
OC(CCl)CCl,"2-PROPANOL, 1,3-DICHLORO",651.3366667,
CC(CO)[N+](=O)[O-],"2-PROPANOL, 1-NITRO",,
CC(C)(C)O,"2-PROPANOL, 2-METHYL",559.67,
CC(C)(O)c1ccccc1,"2-PROPANOL, 2-PHENYL",475.15,
CC(C)O,2-PROPANOL,559.9477778,
CC(=O)CBr,"2-PROPANONE, 1-BROMO",613.5588889,
CC(=O)CC1CCCCC1,"2-PROPANONE, 1-CYCLOHEXYL",,
CC(=O)CO,"2-PROPANONE, 1-HYDROXY",418.65,
CC(=O)C[N+](=O)[O-],"2-PROPANONE, 1-NITRO",,
CC(=O)Cc1ccccc1,"2-PROPANONE, PHENYL",489.65,
CC(C)=O,2-PROPANONE,533.5588889,
C=CCO,2-PROPEN-1-OL,574.1144444,
CCCCCCCCN1CCCC1=O,"2-PYRROLIDINONE, 1-OCTYL",,
O=C1CCCN1,2-PYRROLIDINONE,518.15,
CC1CCC(=O)N1C,"2-PYRROLIDONE, 1,5-DIMETHYL",490.15,
CCN1CCCC1=O,"2-PYRROLIDONE, 1-ETHYL",,
CN1CCCC1=O,"2-PYRROLIDONE, 1-METHYL",679.67,
O=Cc1cccs1,2-THIOPHENECARBOXALDEHYDE,470.15,
CCOC(=O)c1cocc1C(=O)OCC,"3,4-FURANDICARBOXYLIC ACID, DIETHYL ESTER",,
C=C(C)CCO,"3-BUTEN-1-OL, 3-METHYL",405.15,
C=CC(C)(C)O,"3-BUTEN-2-OL, 2-METHYL",370.15,
O=C1CC=CO1,"3-BUTENOIC ACID, 4-HYDROXY, GAMMA-LACTONE",,
CC(=O)C1CC=CCC1,"3-CYCLOHEXENE, 1-ACETYL",,
O=CC1CC=CCC1,3-CYCLOHEXENE-1-CARBOXALDEHYDE,378.15,
COC(=O)C1CC=CCC1,"3-CYCLOHEXENE-1-CARBOXYLIC ACID, METHYL ESTER",,
N#CC1CC=CCC1,"3-CYCLOHEXENE-1-CARBOXYLIC ACID, NITRILE",,
COC(=O)c1ccoc1,"3-FURANCARBOXYLIC ACID, METHYL ESTER",433.15,
N#Cc1ccoc1,"3-FURANCARBOXYLIC ACID, NITRILE",,
COC(=O)C1CCOC1,"3-FURANCARBOXYLIC ACID, TETRAHYDRO, METHYL ESTER",,
O=Cc1ccoc1,3-FURFURAL,418.15,
CCCCC(=O)CC,3-HEPTANONE,624.67,
O=CN1CCOC1,3-OXAZOLIDINECARBOXALDEHYDE,,
COC(=O)N1CCOC1,"3-OXAZOLIDINECARBOXYLIC ACID, METHYL ESTER",,
CCC(O)C(C)(C)[N+](=O)[O-],"3-PENTANOL, 2-METHYL, 2-NITRO",,
CCC(O)CC,3-PENTANOL,389.35,
CCC(=O)CC,3-PENTANONE,579.67,
COC(=O)c1c(C)noc1C,"4-ISOXAZOLECARBOXYLIC ACID, 3,5-DIMETHYL, METHYL ESTER",,
O=CN1CCOCC1,4-MORPHOLINECARBOXALDEHYDE,512.15,
COC(=O)N1CCOCC1,"4-MORPHOLINECARBOXYLIC ACID, METHYL ESTER",,
c1ccc2c(c1)ccc1cccnc12,"7,8-BENZOQUINOLINE",612.15,
O=C1c2cc([N+](=O)[O-])ccc2-c2c1cc([N+](=O)[O-])cc2[N+](=O)[O-],"9-FLUORENONE, 2,4,7-TRINITRO",,
CCCCCCCCC(=O)CCCCCCCC,9-HEPTADECANONE,524.65,
CC(=O)COC(C)=O,"ACETIC ACID, 2-OXOPROPYL ESTER",444.15,
CCN(CC)C(C)=O,"ACETIC ACID, AMIDE, N,N-DIETHYL",458.65,
CC(=O)N(C)C,"ACETIC ACID, AMIDE, N,N-DIMETHYL",438.15,
CCNC(C)=O,"ACETIC ACID, AMIDE, N-ETHYL",478.15,
CC(=O)NC(C)C,"ACETIC ACID, AMIDE, N-ISOPROPYL",,
CNC(C)=O,"ACETIC ACID, AMIDE, N-METHYL",478.15,
CC(=O)Nc1ccccc1,"ACETIC ACID, AMIDE, N-PHENYL",781.3366667,
CC(=O)OCc1ccccc1,"ACETIC ACID, BENZYL ESTER",692.9477778,
CCOC(=O)CBr,"ACETIC ACID, BROMO, ETHYL ESTER",441.65,
CCCCOC(C)=O,"ACETIC ACID, BUTYL ESTER",603.9477778,
N#CCCl,"ACETIC ACID, CHLORO, NITRILE",399.15,
O=C(O)C(Cl)Cl,"ACETIC ACID, DICHLORO",671.3366667,
O=C(OCC[N+](=O)[O-])C(F)F,"ACETIC ACID, DIFLUORO, 2-NITROETHYL ESTER",,
CCOC(C)=O,"ACETIC ACID, ETHYL ESTER",554.67,
CCCCCCOC(C)=O,"ACETIC ACID, HEXYL ESTER",444.65,
COC(=O)CNCC(=O)OC,"ACETIC ACID, IMINODI, DIMETHYL ESTER",,
COC(=O)CN(C)CC(=O)OC,"ACETIC ACID, IMINODI, N-METHYL, DIMETHYL ESTER",,
COCC#N,"ACETIC ACID, METHOXY, NITRILE",392.15,
COC(C)=O,"ACETIC ACID, METHYL ESTER",534.3366667,
CC#N,"ACETIC ACID, NITRILE",559.0588889,
COC(=O)COCC(=O)OC,"ACETIC ACID, OXYDI, DIMETHYL ESTER",,
CC(=O)Oc1ccccc1,"ACETIC ACID, PHENYL ESTER",469.15,
N#CCc1ccccc1,"ACETIC ACID, PHENYL, NITRILE",710.4477778,
CCCOC(C)=O,"ACETIC ACID, PROPYL ESTER",579.0588889,
CC(=O)O,ACETIC ACID,391.05,
CC(=O)c1c(F)c(F)c(F)c(F)c1F,"ACETOPHENONE, 2',3',4',5',6'-PENTAFLUORO",,
O=C(c1c(F)c(F)c(F)c(F)c1F)C(F)(F)F,"ACETOPHENONE, OCTAFLUORO",,
CC(=O)c1ccccc1,ACETOPHENONE,679.17,
O=C(OCC[N+](=O)[O-])C(F)(F)F,"ACTIC ACID, TRIFLUORO, 2-NITROETHYL ESTER",,
CC1=CCC2CC1C2(C)C,ALPHA-PINENE,633.67,
CCN(CC)N=O,"AMINE, DIETHYL, N-NITROSO",654.67,
CCNCC,"AMINE, DIETHYL",532.9477778,
CC(C)NC(C)C,"AMINE, DIISOPROPYL",561.3366667,
CCN(C)C,"AMINE, DIMETHYL ETHYL",309.65,
CNC,"AMINE, DIMETHYL",484.8366667,
c1ccc(Nc2ccccc2)cc1,"AMINE, DIPHENYL",779.67,
CCCNCCC,"AMINE, DIPROPYL",586.8366667,
CCCCCCCCCCCCN,"AMINE, DODECYL",532.15,
FC(F)(F)C(F)(F)C(F)(F)C(F)(F)N(C(F)(F)C(F)(F)C(F)(F)C(F)(F)F)C(F)(F)C(F)(F)C(F)(F)C(F)(F)F,"AMINE, TRIBUTYL, PERFLUORO",451.15,
CCCCN(CCCC)CCCC,"AMINE, TRIBUTYL",690.2255556,
OCCN(CCO)CCO,"AMINE, TRIETHYL, 2,2',2''-TRIHYDROXY",812.8366667,
CCN(CC)CC,"AMINE, TRIETHYL",566.7255556,
CCCCCCN(CCCCCC)CCCCCC,"AMINE, TRIHEXYL",534.85,
CCCCCCCCN(CCCCCCCC)CCCCCCCC,"AMINE, TRIOCTYL",639.15,
CCCCCN(CCCCC)CCCCC,"AMINE, TRIPENTYL",515.65,
Nc1c(F)c(F)c(F)c(F)c1F,"ANILINE, 2,3,4,5,6-PENTAFLUORO",426.15,
Nc1c(F)cc(F)c(F)c1F,"ANILINE, 2,3,4,6-TETRAFLUORO",,
Nc1ccc(F)cc1F,"ANILINE, 2,4-DIFLUORO",647.4477778,"338 °F at 753 mmHg (NTP, 1992)"
Nc1cc(C(F)(F)F)ccc1C(F)(F)F,"ANILINE, 2,5-BIS(TRIFLUOROMETHYL)",,
Nc1ccccc1F,"ANILINE, 2-FLUORO",652.4477778,
COc1ccccc1N,"ANILINE, 2-METHOXY",702.4477778,
Nc1cccc(C(F)F)c1,"ANILINE, 3-(DIFLUOROMETHYL)",,
Nc1cccc(C(F)(F)F)c1,"ANILINE, 3-(TRIFLUOROMETHYL)",664.9477778,"369.5 °F at 764 mmHg (EPA, 1998)"
CN(C)c1ccc(Br)cc1,"ANILINE, 4-BROMO, N,N-DIMETHYL",537.15,
Nc1ccc(F)cc1,"ANILINE, 4-FLUORO",658.9477778,
COc1ccc(N)cc1,"ANILINE, 4-METHOXY",720.2255556,
Nc1ccc(SC(F)F)cc1,"ANILINE, 4-[(DIFLUOROMETHYL)THIO]",,
CCCCN(CCCC)c1ccccc1,"ANILINE, N,N-DIBUTYL",547.95,
CCN(CC)c1ccccc1,"ANILINE, N,N-DIETHYL",692.9477778,
CN(C)c1cccc([N+](=O)[O-])c1,"ANILINE, N,N-DIMETHYL, 3-NITRO",555.65,
CN(C)c1ccc(N=O)cc1,"ANILINE, N,N-DIMETHYL, 4-NITROSO",,
CN(C)c1ccccc1,"ANILINE, N,N-DIMETHYL",671.3366667,
CNc1ccccc1,"ANILINE, N-METHYL",673.7255556,
Nc1ccccc1,ANILINE,457.25,
CC(=O)N1CC1,"AZIRIDINE, 1-ACETYL",,
Cc1ccc(N=Nc2ccc(OCc3ccc(Cl)cc3)c(C)c2)cc1,"AZOBENZENE, 3,4'-DIMETHYL-4-[(4-CHLOROBENZYL)OXY]",,
c1ccc(N=Nc2ccccc2)cc1,AZOBENZENE,770.2255556,
CCCCCCCOc1ccc(N=[N+]([O-])c2ccc(OCCCCCCC)cc2)cc1,"AZOXYBENZENE, 4,4'-DIHEPTOXY",,
CCCCCCOc1ccc(N=[N+]([O-])c2ccc(OCCCCCC)cc2)cc1,"AZOXYBENZENE, 4,4'-DIHEXOXY",,
O=Cc1ccc([N+](=O)[O-])cc1[N+](=O)[O-],"BENZALDEHYDE, 2,4-DINITRO",,
O=Cc1cccc([N+](=O)[O-])c1,"BENZALDEHYDE, 3-NITRO",,
CN(C)c1ccc(C=O)cc1,"BENZALDEHYDE, 4(DIMETHYLAMINO)",,
O=Cc1ccccc1,BENZALDEHYDE,656.3366667,
Clc1ccc(Cl)c(Cl)c1,"BENZENE, 1,2,4-TRICHLORO",690.2255556,
O=C(Oc1ccccc1OC(=O)c1ccccc1)c1ccccc1,"BENZENE, 1,2-DIHYDROXY, DIBENZOATE",,
CCCC(=O)Oc1ccccc1OC(=O)CCC,"BENZENE, 1,2-DIHYDROXY, DIBUTYRATE",,
Cc1ccccc1C,"BENZENE, 1,2-DIMETHYL",417.65,
c1ccc(-c2ccccc2-c2ccccc2)cc1,"BENZENE, 1,2-DIPHENYL",809.67,
O=[N+]([O-])c1cc([N+](=O)[O-])cc([N+](=O)[O-])c1,"BENZENE, 1,3,5-TRINITRO",588.15,
Nc1cccc(N)c1,"BENZENE, 1,3-DIAMINO",558.15,
COc1cccc(OC)c1,"BENZENE, 1,3-DIMETHOXY",490.65,
Cc1cccc(C)c1,"BENZENE, 1,3-DIMETHYL",616.5588889,
COc1c([N+](=O)[O-])cc(C(F)(F)F)cc1[N+](=O)[O-],"BENZENE, 1,3-DINITRO, 2-METHOXY, 5-(TRIFLUOROMETHYL)",,
c1ccc(-c2cccc(-c3ccccc3)c2)cc1,"BENZENE, 1,3-DIPHENYL",842.4477778,
Cc1ccc(C)cc1,"BENZENE, 1,4-DIMETHYL",615.7255556,
O=[N+]([O-])c1cccc(OC(F)F)c1,"BENZENE, 1-(DIFLUOROMETHOXY), 3-NITRO",,
O=[N+]([O-])c1ccc(OC(F)F)cc1,"BENZENE, 1-(DIFLUOROMETHOXY), 4-NITRO",,
Nc1ccccc1S,"BENZENE, 1-AMINO, 2-MERCAPTO",507.15,
Cc1cc(C)cc(N)c1,"BENZENE, 1-AMINO, 3,5-DIMETHYL",493.65,
Fc1ccc(Br)cc1,"BENZENE, 1-BROMO, 4-FLUORO",629.67,"306 °F at 764 mmHg (NTP, 1992)"
COc1ccc(Br)cc1,"BENZENE, 1-BROMO, 4-METHOXY",488.15,
O=[N+]([O-])c1ccc(Cl)c([N+](=O)[O-])c1,"BENZENE, 1-CHLORO, 2,4-DINITRO",588.15,
O=[N+]([O-])c1ccccc1Cl,"BENZENE, 1-CHLORO-2-NITRO",723.5588889,
CCc1ccccc1[N+](=O)[O-],"BENZENE, 1-ETHYL, 2-NITRO",505.65,
CCc1ccc([N+](=O)[O-])cc1,"BENZENE, 1-ETHYL, 4-NITRO",518.65,
O=[N+]([O-])c1ccc(F)c([N+](=O)[O-])c1,"BENZENE, 1-FLUORO, 2,4-DINITRO",773.5588889,
COc1ccccc1F,"BENZENE, 1-FLUORO, 2-METHOXY",427.65,
O=[N+]([O-])c1ccccc1F,"BENZENE, 1-FLUORO, 2-NITRO",,
O=[N+]([O-])c1cccc(F)c1,"BENZENE, 1-FLUORO, 3-NITRO",472.15,
O=[N+]([O-])c1ccc(F)cc1,"BENZENE, 1-FLUORO, 4-NITRO",478.15,
COc1ccc(C(F)(F)F)cc1[N+](=O)[O-],"BENZENE, 1-METHOXY, 2-NITRO, 4-(TRIFLUOROMETHYL)",,
COc1cccc([N+](=O)[O-])c1,"BENZENE, 1-METHOXY, 3-NITRO",531.15,
Cc1ccccc1[N+](=O)[O-],"BENZENE, 1-METHYL-2-NITRO",699.17,
Cc1ccc([N+](=O)[O-])cc1,"BENZENE, 1-METHYL-4-NITRO",715.7255556,
O=[N+]([O-])c1cccc(SC(F)(F)F)c1,"BENZENE, 1-NITRO, 3-[ (TRIFLUOROMETHYL) THIO]",,
O=[N+]([O-])c1ccc(SC(F)(F)F)cc1,"BENZENE, 1-NITRO, 4-[ (TRIFLUOROMETHYL) THIO]",,
O=[N+]([O-])c1ccccc1SC(F)F,"BENZENE, 1-[(DIFLUOROMETHYL)THIO], 2-NITRO",,
O=[N+]([O-])c1ccc(SC(F)F)cc1,"BENZENE, 1-[(DIFLUOROMETHYL)THIO], 4-NITRO",,
O=[N+]([O-])c1ccc(F)cc1F,"BENZENE, 2,4-DIFLUORO, 1-NITRO",480.15,
CCc1c([N+](=O)[O-])cc([N+](=O)[O-])cc1[N+](=O)[O-],"BENZENE, 2-ETHYL, 1,3,5-TRINITRO",,
Cc1cc(C)c([N+](=O)[O-])c(C)c1,"BENZENE, 2-NITRO, 1,3,5-TRIMETHYL",528.15,
O=[N+]([O-])c1cc(C(F)(F)F)ccc1C(F)(F)F,"BENZENE, 2-NITRO, 1,4-BIS(TRIFLUOROMETHYL)",,
O=[N+]([O-])c1c(F)ccc(F)c1F,"BENZENE, 3-NITRO, 1,2,4-TRIFLUORO",,
COc1ccc(F)cc1[N+](=O)[O-],"BENZENE, 4-FLUORO, 1-METHOXY, 2-NITRO",,
O=[N+]([O-])c1c(F)cc(F)c(F)c1F,"BENZENE, 4-NITRO, 1,2,3,5-TETRAFLUORO",,
Brc1ccccc1,"BENZENE, BROMO",633.5588889,
ClCc1ccccc1,"BENZENE, CHLOROMETHYL",656.3366667,
Clc1ccccc1,"BENZENE, CHLORO",609.67,
c1ccc(C2CCCCC2)cc1,"BENZENE, CYCLOHEXYL",513.25,
CCOc1c(F)c(F)c(F)c(F)c1F,"BENZENE, ETHOXY, 2,3,4,5,6-PENTAFLUORO",,
CCOc1ccccc1,"BENZENE, ETHOXY",442.95,
CCc1ccccc1,"BENZENE, ETHYL",613.67,
Fc1ccccc1,"BENZENE, FLUORO",562.5588889,
CCCCCCc1ccccc1,"BENZENE, HEXYL",499.25,
Ic1ccccc1,"BENZENE, IODO",461.55,
CC(C)c1ccccc1,"BENZENE, ISOPROPYL",629.8366667,
COc1c(F)c(F)c(F)c(F)c1F,"BENZENE, METHOXY, 2,3,4,5,6-PENTAFLUORO",411.65,
COc1ccccc1,"BENZENE, METHOXY",426.85,
O=[N+]([O-])c1c(F)c(F)c(F)c(F)c1F,"BENZENE, NITRO, 2,3,4,5,6-PENTAFLUORO",432.65,
O=[N+]([O-])c1ccccc1,"BENZENE, NITRO",688.2255556,
CCCCCCCCCCCCCCCCCCc1ccccc1,"BENZENE, OCTADECYL",681.15,
CCCCCCCCc1ccccc1,"BENZENE, OCTYL",537.65,
Fc1c(F)c(F)c(F)c(F)c1F,"BENZENE, PERFLUORO",353.35,
FC(F)(F)c1ccccc1,"BENZENE, TRIFLUOROMETHYL",375.25,
CC(C)NS(=O)(=O)c1ccccc1,"BENZENESULFONIC ACID, N-ISOPROPYL, AMIDE",,
O=S(=O)(Oc1ccccc1)C(F)(F)F,"BENZENESULFONIC ACID, TRIFLUOROMETHYL ESTER",,
c1ccccc1,BENZENE,557.5588889,
COC(=O)c1ccccc1O,"BENZOIC ACID, 2-HYDROXY-, METHYL ESTER",699.67,
CCCCNC(=O)c1ccccc1,"BENZOIC ACID, AMIDE, N-BUTYL",,
CCCCCNC(=O)c1ccccc1,"BENZOIC ACID, AMIDE, N-PENTYL",,
CCOC(=O)c1ccccc1,"BENZOIC ACID, ETHYL ESTER",485.15,
COC(=O)c1ccccc1,"BENZOIC ACID, METHYL ESTER",472.15,
N#Cc1ccccc1,"BENZOIC ACID, NITRILE",668.17,
N#Cc1c(F)c(F)c(F)c(F)c1F,"BENZOIC ACID, PENTAFLUORO, NITRILE",435.15,
N#Cc1cccc(C(F)(F)F)c1,"BENZONITRILE, 3-(TRIFLUOROMETHYL)",462.15,
O=C(c1ccccc1)c1ccccc1,BENZOPHENONE,783.3366667,
OCc1ccccc1,BENZYL ALCOHOL,682.4477778,
C=C1CCC2CC1C2(C)C,BETA-PINENE,439.15,
C1CCC(C2CCCCC2)CC1,BICYCLOHEXYL,511.15,
Cc1ccc(-c2ccc(C)cc2)cc1,"BIPHENYL, 4,4'-DIMETHYL",,
CCCCCCCOc1ccc(-c2ccc(C#N)cc2)cc1,"BIPHENYL, 4-CARBONITRILE, 4'-(HEPTYLOXY)",,
CCCCCCOc1ccc(-c2ccc(C#N)cc2)cc1,"BIPHENYL, 4-CARBONITRILE, 4'-(HEXYLOXY)",,
CCCCCCCCOc1ccc(-c2ccc(C#N)cc2)cc1,"BIPHENYL, 4-CARBONITRILE, 4'-(OCTYLOXY)",,
CCCCCOc1ccc(-c2ccc(C#N)cc2)cc1,"BIPHENYL, 4-CARBONITRILE, 4'-(PENTYLOXY)",,
c1ccc(Cc2ccccc2-c2ccccc2)cc1,"BIPHENYL, BENZYL",,
c1ccc(-c2ccccc2)cc1,BIPHENYL,529.25,
CCCC=O,BUTANAL,552.4477778,
CCCCN(CCCC)C(=O)C(C)(C)CC,"BUTANAMIDE, N,N-DIBUTYL, 2,2-DIMETHYL",,
FCC(F)(F)C(F)(F)C(F)(F)F,"BUTANE, 1,1,1,2,2,3,3,4-OCTAFLUORO",,
C1CCC(CCCCC2CCCC2)C1,"BUTANE, 1,4-DICYCLOPENTYL",,
CCCCN,"BUTANE, 1-AMINO",555.4477778,
CCCCCl,"BUTANE, 1-CHLORO",555.9477778,
CC(C)C(C)(C)C,"BUTANE, 2,2,3-TRIMETHYL",353.95,
CCC(C)(C)C,"BUTANE, 2,2-DIMETHYL",527.17,
CC(C)C(C)C,"BUTANE, 2,3-DIMETHYL",535.4477778,
CCC(C)C,"BUTANE, 2-METHYL",505.2255556,
CCCC,BUTANE,476.9477778,
CC(=O)C1CCOC1=O,"BUTANOIC ACID, 2-ACETYL, 4-HYDROXY, GAMMA-LACTONE",,
O=C1OCCC1Br,"BUTANOIC ACID, 2-BROMO, 4-HYDROXY, GAMMA-LACTONE",,
CC(=O)CC#N,"BUTANOIC ACID, 3-OXO, NITRILE",,
COC(=O)CC(C)=O,"BUTANOIC ACID, 3-OXO-, METHYL ESTER",444.85,
O=C1CCCO1,"BUTANOIC ACID, 4-HYDROXY, LACTONE",477.15,
CCCC(=O)OCC,"BUTANOIC ACID, ETHYL ESTER",598.5588889,
CCCC#N,"BUTANOIC ACID, NITRILE",595.2255556,
COC(=O)N(C)C,"CARBAMIC ACID, N,N-DIMETHYL, METHYL ESTER",,
S=C=S,CARBON DISULFIDE,524.1144444,
COC(=O)OC,"CARBONIC ACID, DIMETHYL ESTER",363.65,
CCCCOC(=O)CC(CC(=O)OCCCC)(OC(C)=O)C(=O)OCCCC,"CITRIC ACID, TRIBUTYL ESTER.ACETATE",604.15,331 °C at 732 mm Hg
OC1CCCCCC1,CYCLOHEPTANOL,458.15,
C=C(C)C1CCCC(C)C1,"CYCLOHEXANE, 1-METHYL-3-(1-METHYLETHENYL)",,
CC(=O)C1=CCCCC1,"CYCLOHEXANE, ACETYL",474.65,
NC1CCCCC1,"CYCLOHEXANE, AMINO",611.9477778,
BrC1CCCCC1,"CYCLOHEXANE, BROMO",439.35,
CCCCC1CCCCC1,"CYCLOHEXANE, BUTYL",454.05,
ClC1CCCCC1,"CYCLOHEXANE, CHLORO",415.15,
N#CC1CCCCC1,"CYCLOHEXANE, CYANO",,
CCCCCCCCCCC1CCCCC1,"CYCLOHEXANE, DECYL",572.15,
CC1CCCCC1,"CYCLOHEXANE, METHYL",578.4477778,
O=[N+]([O-])C1CCCCC1,"CYCLOHEXANE, NITRO",682.9477778,"401.9 °F at 768 mmHg (EPA, 1998)"
CCCCCCCCCCCCCCCCCCC1CCCCC1,"CYCLOHEXANE, OCTADECYL",682.15,
CCCCCCCCCCCCCCC1CCCCC1,"CYCLOHEXANE, TETRADECYL",633.15,
O=CC1CCCCC1,CYCLOHEXANECARBOXALDEHYDE,432.45,
COC(=O)C1CCCCC1,"CYCLOHEXANECARBOXYLIC ACID, METHYL ESTER",456.15,
C1CCCCC1,CYCLOHEXANE,558.17,
OC1CCCCC1,CYCLOHEXANOL,638.5588889,
O=C1CCCCC1,CYCLOHEXANONE,633.0588889,
C[Si]1(C)O[Si](C)(C)O[Si](C)(C)O[Si](C)(C)O[Si](C)(C)O[Si](C)(C)O1,"CYCLOHEXASILOXANE, DODECAMETHYL",518.15,
O=[N+]([O-])C1CC=CCC1,"CYCLOHEXENE, 4-NITRO",,
C1=CCCCC1,CYCLOHEXENE,560.2255556,
C1CCCCCCC1,CYCLOOCTANE,422.15,
CC1CCCC1c1ccccc1,"CYCLOPENTANE, 1-METHYL, 2-PHENYL",,
CCCCC1CCCC1,"CYCLOPENTANE, BUTYL",429.75,
CCC1CCCC1,"CYCLOPENTANE, ETHYL",376.65,
CCCCCCC1CCCC1,"CYCLOPENTANE, HEXYL",476.15,
CC(C)C1CCCC1,"CYCLOPENTANE, ISOPROPYL",399.65,
CC1CCCC1,"CYCLOPENTANE, METHYL",549.2255556,
C1CCCC1,CYCLOPENTANE,526.7255556,
OC1CCCC1,CYCLOPENTANOL,413.55,
O=C1CCCC1,CYCLOPENTANONE,608.0977778,
CC1C=CCC1,"CYCLOPENTENE, 3-METHYL",338.05,
C[Si]1(C)O[Si](C)(C)O[Si](C)(C)O[Si](C)(C)O1,"CYCLOTETRASILOXANE, OCTAMETHYL",448.95,
C1CC[C@H]2CCCC[C@H]2C1,DECALIN(CIS),672.4477778,
C1CC[C@H]2CCCC[C@@H]2C1,DECALIN(TRANS),672.4477778,
CCCCCCCCCCc1ccccc1,"DECANE, 1-PHENYL",777.4477778,
CCCCC(CC)COC(=O)CCCCCCCCC(=O)OCC(CC)CCCC,"DECANEDIOIC ACID, DI(2-ETHYLHEXYL) ESTER",725.2255556,"478 °F at 4 mmHg (NTP, 1992)"
CCCCOC(=O)CCCCCCCCC(=O)OCCCC,"DECANEDIOIC ACID, DIBUTYL ESTER",617.65,
CCCCCCOC(=O)CCCCCCCCC(=O)OCCCCCC,"DECANEDIOIC ACID, DIHEXYL ESTER",,
CCCCCCCCCOC(=O)CCCCCCCCC(=O)OCCCCCCCCC,"DECANEDIOIC ACID, DINONYL ESTER",,
O=C(O)CCCCCCCCC(=O)O,DECANEDIOIC ACID,772.4477778,"563 °F at 100 mmHg (NTP, 1992)"
CCCCCCCCCC,DECANE,651.5588889,
CCCCCCCCCC(CCCCCCCC(=O)OC)C(F)(F)C(F)(F)C(F)(F)C(F)(F)C(F)(F)C(F)(F)C(F)(F)C(F)(F)F,"DECANOIC ACID, 10(9)-PERFLUOROOCTYL, METHYL ESTER",,
c1ccc2c(c1)oc1ccccc12,DIBENZOFURAN,764.67,
N#CCCOCCOc1ccc(Cl)cc1Cl,DICHLOROPHENOXY-BETA-CYANOETHYL ETHER,,
CCCCOCCOCCOCCCC,"DIETHYLENE GLYCOL, DIBUTYL ETHER",733.5588889,
CCOCCOCCOCC,"DIETHYLENE GLYCOL, DIETHYL ETHER",666.3366667,
OCCOCCO,DIETHYLENE GLYCOL,722.4477778,
C1COOC1,DIOXOLANE,,
CCCCCCCCCCCCCCCCCCCCCC,DOCOSANE,846.0588889,
CCCCCCCCCCCC(=O)N(CC)CC,"DODECANAMIDE, N,N-DIETHYL",,
NCCCCCCCCCCCCN,"DODECANE, 1,12-DIAMINO",,
CCCCCCCCCCCCc1ccccc1,"DODECANE, 1-PHENYL",808.4477778,
N#CCCCCCCCCCCC#N,"DODECANEDIOIC ACID, DINITRILE",,
CCCCCCCCCCCC,DODECANE,693.7255556,
CCCCCCCCCCCCCCCCCCC(CCCCCCCCCCCCCCCCCC)CCCCC(CCCCCCCCCCCCCCCCCC)CCCCCCCCCCCCCCCCCC,"DOTETRACONTANE, 19,24-DIOCTADECYL",,
CCCCCCCCCCCCCCCCCCCCCCCCCCCCCCCC,DOTRIACONTANE,740.15,
CCCCCCCCCCCCCCCCCCCC,EICOSANE,820.17,
CC[Te]CC,"ETHANE, 1,1'-TELLUROBIS",,
FCC(F)(F)F,"ETHANE, 1,1,1,2-TETRAFLUORO",247.15,
CC(Cl)(Cl)Cl,"ETHANE, 1,1,1-TRICHLORO",551.5588889,
BrC(Br)C(Br)Br,"ETHANE, 1,1,2,2-TETRABROMO",721.3366667,
ClC(Cl)C(Cl)Cl,"ETHANE, 1,1,2,2-TETRACHLORO",623.5588889,
FC(F)(Cl)C(F)(Cl)Cl,"ETHANE, 1,1,2-TRICHLORO, 1,2,2-TRIFLUORO",525.17,
ClCC(Cl)Cl,"ETHANE, 1,1,2-TRICHLORO",590.2255556,
CC(Cl)Cl,"ETHANE, 1,1-DICHLORO",534.7255556,
CCOC(C)OCC,"ETHANE, 1,1-DIETHOXY",579.67,
CC(F)F,"ETHANE, 1,1-DIFLUORO",488.7255556,
CC(c1ccccc1)c1ccccc1,"ETHANE, 1,1-DIPHENYL",545.75,
N#CCCNCCNCCC#N,"ETHANE, 1,2-DIAMINO-BIS-(DI-2-CYANOETHYL) ETHER",,
NCCN,"ETHANE, 1,2-DIAMINO",593.5588889,
BrCCBr,"ETHANE, 1,2-DIBROMO",404.75,
ClCCCl,"ETHANE, 1,2-DICHLORO",560.9477778,
COCCOC,"ETHANE, 1,2-DIMETHOXY",562.4477778,
c1ccc(CCc2ccccc2)cc1,"ETHANE, 1,2-DIPHENYL",557.15,
FC(F)(F)C(Cl)Br,"ETHANE, 1-BROMO, 1-CHLORO, 2,2,2-TRIFLUORO",527.67,
FC(Cl)C(F)(F)Br,"ETHANE, 1-BROMO, 2-CHLORO, 1,1,2-TRIFLUORO",325.65,
CCBr,"ETHANE, BROMO",515.8366667,
CCCl,"ETHANE, CHLORO",489.7255556,
CC[N+](=O)[O-],"ETHANE, NITRO",592.4477778,
OCC(F)(F)F,"ETHANOL, 2,2,2-TRIFLUORO",347.15,
NCCO,"ETHANOL, 2-AMINO",647.4477778,
OCCCl,"ETHANOL, 2-CHLORO",605.2255556,
OCCS,"ETHANOL, 2-MERCAPTO",431.15,
COCCO,"ETHANOL, 2-METHOXY",602.4477778,"257 °F at 768 mmHg (NTP, 1992)"
O=[N+]([O-])CCO,"ETHANOL, 2-NITRO",671.3366667,"381 °F at 765 mmHg (NTP, 1992)"
OCCc1ccccc1,"ETHANOL, 2-PHENYL",491.35,
CCO,ETHANOL,555.9477778,"173.3 °F at 760 mmHg (NTP, 1992)"
CC(=O)c1cccc2ccccc12,"ETHANONE, 1-(1-NAPHTHALENYL)",570.15,
C=C(Cl)Cl,"ETHENE, 1,1-DICHLORO",509.17,
Cl/C=C\Cl,"ETHENE, 1,2-DICHLORO(CIS)",537.4477778,
Cl/C=C/Cl,"ETHENE, 1,2-DICHLORO(TRANS)",524.67,"117 °F at 745 mmHg (NTP, 1992)"
C=CBr,"ETHENE, BROMO",493.2255556,
ClC(Cl)=C(Cl)Cl,"ETHENE, TETRACHLORO",598.5588889,
ClC=C(Cl)Cl,"ETHENE, TRICHLORO",564.67,
Fc1c(F)c(F)c(Oc2c(F)c(F)c(F)c(F)c2F)c(F)c1F,"ETHER, BIS(PENTAFLUOROPHENYL)",,
Fc1c(F)c(C(F)(F)F)c(F)c(F)c1Oc1c(F)c(F)c(C(F)(F)F)c(F)c1F,"ETHER, BIS[2,3,5,6-TETRAFLUORO-4-(TRIFLUOROMETHYL)]",,
c1ccc(COCc2ccccc2)cc1,"ETHER, DIBENZYL",775.2255556,
CCCCOCCCC,"ETHER, DIBUTYL",619.67,
CCOCC,"ETHER, DIETHYL",512.0588889,
CC(C)OC(C)C,"ETHER, DIISOPROPYL",546.3366667,
COC,"ETHER, DIMETHYL",455.2255556,
CCCCCCCCOCCCCCCCC,"ETHER, DIOCTYL",777.4477778,
c1ccc(Oc2ccccc2)cc1,"ETHER, DIPHENYL",735.3755556,
CCCOCCC,"ETHER, DIPROPYL",363.15,
CCC(C)(C)OC,"ETHER, METHYL TERT.PENTYL",359.45,
CCOC(C)(C)C,"ETHER, TERT. BUTYL ETHYL",550.5588889,
COC(C)(C)C,"ETHER, TERT.BUTYL METHYL",532.67,
COCCN,"ETHYLAMINE, 2-METHOXY",368.15,
C(#Cc1ccccc1)c1ccccc1,"ETHYNE, DIPHENYL",573.15,
c1ccc2c(c1)Cc1ccccc1-2,FLUORENE,772.4477778,
CCCCN(C=O)CCCC,"FORMIC ACID, AMIDE, N,N-DIBUTYL",,
CCN(C=O)CC,"FORMIC ACID, AMIDE, N,N-DIETHYL",450.65,
CN(C)C=O,"FORMIC ACID, AMIDE, N,N-DIMETHYL",426.15,
O=CN(c1ccccc1)c1ccccc1,"FORMIC ACID, AMIDE, N,N-DIPHENYL",610.65,
CCNC=O,"FORMIC ACID, AMIDE, N-ETHYL",471.15,
CC(C)NC=O,"FORMIC ACID, AMIDE, N-ISOPROPYL",,
CNC=O,"FORMIC ACID, AMIDE, N-METHYL",455.65,
NC=O,"FORMIC ACID, AMIDE",687.4477778,
CCOC=O,"FORMIC ACID, ETHYL ESTER",531.67,
CCOC(=O)/C=C/C(=O)OCC,"FUMARIC ACID, DIETHYL ESTER",491.65,
N#C/C=C/C#N,"FUMARIC ACID, NITRILE",663.5588889,
NCc1ccco1,"FURAN, 2(AMINOMETHYL)",418.65,
COc1ccco1,"FURAN, 2-METHOXY",383.65,
Cc1occc1[N+](=O)[O-],"FURAN, 2-METHYL, 3-NITRO",,
Cc1ccc([N+](=O)[O-])o1,"FURAN, 2-METHYL, 5-NITRO",,
O=[N+]([O-])c1ccco1,"FURAN, 2-NITRO",,
N#CC1CCCO1,"FURAN, TETRAHYDRO, 2-CYANO",,
C1CCOC1,"FURAN, TETRAHYDRO",543.5588889,
Cc1nonc1C,"FURAZAN, 3,4-DIMETHYL",429.15,
Cc1ccc(C=O)o1,"FURFURAL, 5-METHYL",460.15,
O=Cc1ccc([N+](=O)[O-])o1,"FURFURAL, 5-NITRO",501.15,
O=CC1CCCO1,"FURFURAL, TETRAHYDRO",415.15,
O=Cc1ccco1,FURFURAL,639.17,
OCC(O)CO,GLYCEROL,767.4477778,
CCCCCCCCCCC(=O)Oc1ccc(N=Nc2ccc(OCC)cc2)cc1,"HENDECANOIC ACID, 4(4'-ETHOXYPHENYLAZO) PHENYL",,
CCCCCCCCCCCCCCCCCCCCC,HENEICOSANE,833.9477778,
CCCCCCCCCCCCCCCCC,HEPTADECANE,779.2255556,
CCCCCCCCCCCCCCCCC#N,"HEPTADECANOIC ACID, NITRILE",622.15,
CCCCCCC=O,HEPTANAL,630.2255556,
CC(C)CCCC(C)C,"HEPTANE, 2,6-DIMETHYL",408.35,
FC(F)(F)C(F)(F)C(F)(F)C(F)(F)C(F)(F)C(F)(F)C(F)(F)F,"HEPTANE, PERFLUORO",355.65,
N#CCCCCCC#N,"HEPTANEDIOIC ACID, DINITRILE",,
CCCCCCCCOC(=O)CCCCCC(=O)OCCCCCCCC,"HEPTANEDIOIC ACID, DIOCTYL ESTER",,
O=C(O)CCCCCC(=O)O,HEPTANEDIOIC ACID,615.15,
CCCCCCC,HEPTANE,575.8366667,
CCCCCCC#N,"HEPTANOIC ACID, NITRILE",456.15,
CCCCCCCCCCCCCCCCN,"HEXADECANE, 1-AMINO",800.2255556,
CCCCCCCCCCCCCCCCBr,"HEXADECANE, 1-BROMO",609.15,
CCCCCCCCCCCCCCCCCl,"HEXADECANE, 1-CHLORO",595.15,
CCCCCCCCCCCCCCCCI,"HEXADECANE, 1-IODO",,
CCCCCCCCCCCCCCCC,HEXADECANE,764.67,
CCCCCCCCCCCCCCCC(=O)OCC(COC(=O)CCCCCCCCCCCCCCC)OC(=O)CCCCCCCCCCCCCCC,"HEXADECANOIC ACID, 1,2,3-PROPANETRIYL ESTER",,
CCCCCCCCCCCCCCCC(=O)O,HEXADECANOIC ACID,624.65,
O=C1CCCCCO1,"HEXAMETHYLENE OXIDE, 2-OXO",488.15,
CCCCCCCl,"HEXANE, 1-CHLORO",408.15,
CC(C)CCC(C)(C)C,"HEXANE, 2,2,5-TRIMETHYL",397.15,
CCC(C)CC(C)C,"HEXANE, 2,4-DIMETHYL",382.65,
CCCCC(C)C,"HEXANE, 2-METHYL",363.15,
CCCC(C)CC,"HEXANE, 3-METHYL",364.15,
FC(F)(F)C(F)(F)C(F)(F)C(F)(F)C(F)(F)C(F)(F)F,"HEXANE, PERFLUORO",329.75,
CCCCC(CC)COC(=O)CCCCC(=O)OCC(CC)CCCC,"HEXANEDIOIC ACID, DI(2-ETHYLHEXYL) ESTER",894.67,
CCCCOC(=O)CCCCC(=O)OCCCC,"HEXANEDIOIC ACID, DIBUTYL ESTER",456.15,
CCCCCCOC(=O)CCCCC(=O)OCCCCCC,"HEXANEDIOIC ACID, DIHEXYL ESTER",,
N#CCCCCC#N,"HEXANEDIOIC ACID, DINITRILE",772.4477778,
CCCCCCCCOC(=O)CCCCC(=O)OCCCCCCCC,"HEXANEDIOIC ACID, DIOCTYL ESTER",,396.00 to 398.00 °C. @ 760.00 mm Hg
CCCCCC,HEXANE,546.3366667,
CCCCC(CC)C(=O)N(CCCC)CCCC,"HEXANOIC ACID, 2-ETHYL, AMIDE, N,N-DIBUTYL",,
CC(=O)CCCC#N,"HEXANOIC ACID, 5-OXO, NITRILE",,
O=C1CCCCCN1,"HEXANOIC ACID, 6-AMINO, CYCLIC LACTAM",744.3366667,
CCN1CCCCCC1=O,"HEXANOIC ACID, 6-AMINO, LACTAM, N-ETHYL",,
CN1CCCCCC1=O,"HEXANOIC ACID, 6-AMINO, LACTAM, N-METHYL",,
CCCCCC#N,"HEXANOIC ACID, NITRILE",436.75,
CCCCCCCCCCCCCCCCCCCCCCCCCCCCCCCCCCCC,HEXATRIACONTANE,,
C1=Cc2ccccc2C1,INDENE,659.1144444,
CCCCN=C=O,"ISOCYANIC ACID, BUTYL ESTER",388.15,
O=C=NCCCCCCN=C=O,"ISOCYANIC ACID, HEXAMETHYLENE ESTER",732.4477778,
c1ccc2cnccc2c1,ISOQUINOLINE,516.35,
Cc1cc(C)on1,"ISOXAZOLE, 3,5-DIMETHYL",416.15,
Cc1oncc1[N+](=O)[O-],"ISOXAZOLE, 5-METHYL, 4-NITRO",,
Cc1ccno1,"ISOXAZOLE, 5-METHYL",395.15,
CCCCOC(=O)/C=C\C(=O)OCCCC,"MALEIC ACID, DIBUTYL ESTER",554.15,
CCOC(=O)/C=C\C(=O)OCC,"MALEIC ACID, DIETHYL ESTER",491.65,
COC(=O)/C=C\C(=O)OC,"MALEIC ACID, DIMETHYL ESTER",470.65,
N#C/C=C\C#N,"MALEIC ACID, DINITRILE",,
CCCCCCCCCCOC(=O)CC(=O)OCCCCCCCCCC,"MALONIC ACID, DIDECYL ESTER",,
CCOC(=O)CC(=O)OCC,"MALONIC ACID, DIETHYL ESTER",473.15,
COC(=O)CC(=O)OC,"MALONIC ACID, DIMETHYL ESTER",454.55,
N#CCC#N,"MALONIC ACID, DINITRILE",491.65,
COC(=O)CC#N,"MALONIC ACID, MONOMETHYL ESTER, MONONITRILE",473.65,
ClCCl,"METHANE, DICHLORO",517.2255556,
CCOCOCC,"METHANE, DIETHOXY",361.15,
ICI,"METHANE, DIIODO",455.15,
c1ccc(Cc2ccccc2)cc1,"METHANE, DIPHENYL",538.15,
CI,"METHANE, IODO",519.8366667,
C[N+](=O)[O-],"METHANE, NITRO",578.67,
BrC(Br)(Br)Br,"METHANE, TETRABROMO",667.4477778,
ClC(Cl)(Cl)Cl,"METHANE, TETRACHLORO",554.17,
BrC(Br)Br,"METHANE, TRIBROMO",626.9477778,
ClC(Cl)Cl,"METHANE, TRICHLORO",539.1144444,
CN(C)CN(C)C,"METHANEDIAMINE, N,N,N',N'-TETRAMETHYL",356.15,
CC(=O)OCOC(C)=O,"METHANEDIOL, DIACETATE",,
CNS(C)(=O)=O,"METHANESULFONIC ACID, AMIDE, N-METHYL",,
OCc1ccco1,"METHANOL, (2-FURYL)",647.4477778,
O=[N+]([O-])c1ccc(CO)o1,"METHANOL, (2-FURYL, 5-NITRO)",,
OCC1CCCO1,"METHANOL, (2-TETRAHYDROFURYL)",451.15,
CO,METHANOL,542.0588889,
N#CN1CCOCC1,"MORPHOLINE, 4-CYANO",,
CN1CCOC(=O)C1,"MORPHOLINE, 4-METHYL, 2-OXO",,
O=NN1CCOCC1,"MORPHOLINE, 4-NITROSO",498.15,
CC(=O)N1CCOCC1,"MORPHOLINE, N-ACETYL",,
C1COCCN1,MORPHOLINE,606.3366667,
CN1CCOCC1=O,"MORPHOLINONE, 4-METHYL, 3-OXO",,
CN(C)c1cccc2ccccc12,"NAPHTHALENE, 1(DIMETHYLAMINO)",553.15,
Cc1ccc2ccccc2c1C,"NAPHTHALENE, 1,2-DIMETHYL",539.65,
Cc1ccc(C)c2ccccc12,"NAPHTHALENE, 1,4-DIMETHYL",541.15,
Nc1cccc2ccccc12,"NAPHTHALENE, 1-AMINO",778.5588889,
Brc1cccc2ccccc12,"NAPHTHALENE, 1-BROMO",554.15,
Clc1cccc2ccccc12,"NAPHTHALENE, 1-CHLORO",740.2255556,
CCCCCCc1cccc2ccccc12,"NAPHTHALENE, 1-HEXYL",595.15,
Oc1cccc2ccccc12,"NAPHTHALENE, 1-HYDROXY",561.15,
Cc1cccc2ccccc12,"NAPHTHALENE, 1-METHYL",517.85,
O=[N+]([O-])c1cccc2ccccc12,"NAPHTHALENE, 1-NITRO",781.3366667,
Clc1ccc2ccccc2c1,"NAPHTHALENE, 2-CHLORO",733.5588889,
CCOc1ccc2ccccc2c1,"NAPHTHALENE, 2-ETHOXY",555.15,
c1ccc2ccccc2c1,NAPHTHALENE,695.2255556,
CCCCCCCCCCCCCCCCCCCc1ccccc1,"NONADECANE, 1-PHENYL",692.15,
CCCCCCCCCCCCCCCCCCC,NONADECANE,807.17,
CCCCCCCCCBr,"NONANE, 1-BROMO",,
CCCCCCCCCCl,"NONANE, 1-CHLORO",476.65,
CCCCCCCOC(=O)CCCCCCCC(=O)OCCCCCCC,"NONANEDIOIC ACID, DIHEPTYL ESTER",,
CCCCCCCCC,NONANE,628.2255556,
CCCCCCCCC(=O)OC,"NONANOIC ACID, METHYL ESTER",486.65,
CCCCCCCCC#N,"NONANOIC ACID, NITRILE",497.55,
CCCCCCCCC(=O)O,NONANOIC ACID,527.65,
CCCCCCCCCCCCCCCCCCCCCCCCCCCC,OCTACOSANE,909.0588889,
CCCCCCCCCCCCCCCCCCCl,"OCTADECANE, 1-CHLORO",621.15,
CCCCCCCCCCCCCCCCCC,OCTADECANE,793.5588889,
CCCCCCCCCCCCCCCCCC(N)=O,"OCTADECANOIC ACID, AMIDE",,
CCCCCCCCCCCCCCCCCC(=O)Cl,"OCTADECANOIC ACID, CHLORIDE",488.15,215 °C @ 15 MM HG
CCCCCCCCCCCCCCCCCC(=O)OCC,"OCTADECANOIC ACID, ETHYL ESTER",,
CCCCCCCCCCCCCCCCCC(=O)O,OCTADECANOIC ACID,860.2255556,
CC(C)CCCCC(C)C,"OCTANE, 2,7-DIMETHYL",433.05,
CCCCCCC(C)C1CCCC1,"OCTANE, 2-CYCLOPENTYL",,
CCCCCCC(C)C,"OCTANE, 2-METHYL",416.35,
CCCCCC(C)CC,"OCTANE, 3-METHYL",417.35,
FC(F)(F)C(F)(F)C(F)(F)C(F)(F)C(F)(F)C(F)(F)C(F)(F)C(F)(F)F,"OCTANE, OCTADECAFLUORO",379.05,
CCCCCCCOC(=O)CCCCCCC(=O)OCCCCCCC,"OCTANEDIOIC ACID, DIHEPTYL ESTER",,
CCCCCCOC(=O)CCCCCCC(=O)OCCCCCC,"OCTANEDIOIC ACID, DIHEXYL ESTER",,
N#CCCCCCCC#N,"OCTANEDIOIC ACID, DINITRILE",,
CCCCCCCC,OCTANE,603.0588889,
CCCCCCCC(=O)OCC(COC(=O)CCCCCCC)OC(=O)CCCCCCC,"OCTANOIC ACID, 1,2,3-PROPANETRIYL ESTER",710.5588889,
CCOC(=O)C(F)(F)C(F)(Cl)C(F)(F)C(F)(Cl)C(F)(F)C(F)(Cl)C(F)(F)Cl,"OCTANOIC ACID, 1,2,4,6-TETRACHLORO, PERFLUORO, ETHYL ESTER",,
CCCCCCCC(=O)OCC,"OCTANOIC ACID, ETHYL ESTER",481.65,
CCCCCCCC#N,"OCTANOIC ACID, NITRILE",478.35,
CCCCCCCC(=O)O,OCTANOIC ACID,717.17,
CCCCCCCCCCOC(=O)C(=O)OCCCCCCCCCC,"OXALIC ACID, DIDECYL ESTER",,
CCOC(=O)C(=O)OCC,"OXALIC ACID, DIETHYL ESTER",458.85,
CCC(=O)N1CCOC1,"OXAZOLIDINE, 3-(1-OXOPROPYL)",,
CC(=O)N1CCOC1,"OXAZOLIDINE, 3-ACETYL",,
CCCCCCCCCCCCCCCc1ccccc1,"PENTADECANE, 1-PHENYL",646.15,
CCCCCCCCCCCCCCC,PENTADECANE,748.0755556,
CCCCCCCCCCCCCCC#N,"PENTADECANOIC ACID, NITRILE",,
CCCCCCl,"PENTANE, 1-CHLORO",585.2255556,
CC(C)CC(C)(C)C,"PENTANE, 2,2,4-TRIMETHYL",372.35,
CC(C)C(C)C(C)C,"PENTANE, 2,3,4-TRIMETHYL",386.65,
CC(C)CC(C)C,"PENTANE, 2,4-DIMETHYL",353.55,
CCCC(C)C,"PENTANE, 2-METHYL",537.7255556,
CCC(C)CC,"PENTANE, 3-METHYL",336.35,
COC(=O)CC(=O)CC(=O)OC,"PENTANEDIOIC ACID, 3-OXO, DIMETHYL ESTER",,
CCOC(=O)CCCC(=O)OCC,"PENTANEDIOIC ACID, DIETHYL ESTER",509.65,
COC(=O)CCCC(=O)OC,"PENTANEDIOIC ACID, DIMETHYL ESTER",487.15,
N#CCCCC#N,"PENTANEDIOIC ACID, DINITRILE",559.15,
CCCCCCCCCOC(=O)CCCC(=O)OCCCCCCCCC,"PENTANEDIOIC ACID, DINONYL ESTER",,
CC(C#N)CCC#N,"PENTANEDIOIC ACID, METHYL, DINITRILE",536.15,
C=C(C#N)CCC#N,"PENTANEDIOIC ACID, METHYLENE, DINITRILE",,
O=C1CCCC(=O)O1,PENTANEDIOIC ANHYDRIDE,560.15,
CCCCC,PENTANE,513.5588889,
CC(=O)CCC#N,"PENTANOIC ACID, 4-OXO, NITRILE",,
CCCCC#N,"PENTANOIC ACID, NITRILE",414.45,
CCCCCCCCCCCCCCCCCCCCCCCCCCCCCCCCCCC,PENTATRIACONTANE,763.15,
c1ccc2c(c1)CCc1ccccc1-2,"PHENANTHRENE, 9,10-DIHYDRO",,
c1ccc2c(c1)ccc1ccccc12,PHENANTHRENE,816.3366667,
COc1ccccc1O,"PHENOL, 2-METHOXY",478.15,
O=[N+]([O-])c1ccccc1O,"PHENOL, 2-NITRO",489.15,
Oc1cccc(OC(F)F)c1,"PHENOL, 3-(DIFLUOROMETHOXY)",,
Oc1cccc(C(F)(F)F)c1,"PHENOL, 3-(TRIFLUOROMETHYL)",451.15,
Oc1ccc(F)cc1,"PHENOL, 4-FLUORO",458.65,
Oc1c(F)c(F)c(F)c(F)c1F,"PHENOL, PENTAFLUORO",418.75,
Oc1ccccc1,PHENOL,659.67,
CCCCC(CC)COP(=O)(O)OCC(CC)CCCC,"PHOSPHORIC ACID, BIS(2-ETHYLHEXYL) ESTER",428.15,155 °C at 0.015 mm Hg
CCCCOP(=O)(O)O,"PHOSPHORIC ACID, BUTYL ESTER",,
CCCCOP(=O)(O)OCCCC,"PHOSPHORIC ACID, DIBUTYL ESTER",577.4477778,
COP(=O)(Oc1ccccc1)Oc1ccccc1,"PHOSPHORIC ACID, METHYL DIPHENYL ESTER",,
CN(C)P(=O)(N(C)C)N(C)C,"PHOSPHORIC ACID, TRIAMIDE, HEXAMETHYL",710.2255556,
CCCCOP(=O)(OCCCC)OCCCC,"PHOSPHORIC ACID, TRIBUTYL ESTER",766.3366667,
CCOP(=O)(OCC)OCC,"PHOSPHORIC ACID, TRIETHYL ESTER",488.65,
COP(=O)(OC)OC,"PHOSPHORIC ACID, TRIMETHYL ESTER",674.67,
O=P(Oc1ccccc1)(Oc1ccccc1)Oc1ccccc1,"PHOSPHORIC ACID, TRIPHENYL ESTER",722.4477778,"473 °F at 11 mmHg (NTP, 1992)"
CCCCOCCOP(=O)(OCCOCCCC)OCCOCCCC,"PHOSPHORIC ACID, TRIS(2-BUTOXYETHYL) ESTER",,
CCCCC(CC)COP(=O)(OCC(CC)CCCC)OCC(CC)CCCC,"PHOSPHORIC ACID, TRIS(2-ETHYLHEXYL) ESTER",,
Cc1ccc(OP(=O)(Oc2ccc(C)cc2C)Oc2ccc(C)cc2C)c(C)c1,"PHOSPHORIC ACID, TRIS(DIMETHYLPHENYL) ESTER",731.3366667,"469 to 509 °F at 10 mmHg (NTP, 1992)"
CCCCCCOC(=O)c1ccc([N+](=O)[O-])cc1C(=O)OCCCCCC,"PHTHALIC ACID, 4-NITRO, DIHEXYL ESTER",,
CCCCOC(=O)c1ccccc1C(=O)OCc1ccccc1,"PHTHALIC ACID, BENZYL BUTYL ESTER",847.4477778,
CCCCOC(=O)COC(=O)c1ccccc1C(=O)COC(=O)OCCCC,"PHTHALIC ACID, BIS(2-BUTOXY-2-OXOETHYL) ESTER",,
CCCCOC(=O)c1ccccc1C(=O)OCC(CC)CCCC,"PHTHALIC ACID, BUTYL, ETHYLHEXYL ESTER",,
CCCCC(CC)COC(=O)c1ccccc1C(=O)OCC(CC)CCCC,"PHTHALIC ACID, DI(2-ETHYLHEXYL) ESTER",861.3366667,
COCCOC(=O)c1ccccc1C(=O)OCCOC,"PHTHALIC ACID, DI(2-METHOXYETHYL) ESTER",613.15,
O=C(OCCc1ccccc1)c1ccccc1C(=O)OCCc1ccccc1,"PHTHALIC ACID, DI(2-PHENYLETHYL) ESTER",,
C=CCOC(=O)c1ccccc1C(=O)OCC=C,"PHTHALIC ACID, DI(2-PROPENYL) ESTER",767.4477778,
O=C(OCCCc1ccccc1)c1ccccc1C(=O)OCCCc1ccccc1,"PHTHALIC ACID, DI(3-PHENYLPROPYL) ESTER",,
CCC(C)OC(=O)c1ccccc1C(=O)OC(C)CC,"PHTHALIC ACID, DI(SEC.BUTYL) ESTER",,
O=C(OCc1ccccc1)c1ccccc1C(=O)OCc1ccccc1,"PHTHALIC ACID, DIBENZYL ESTER",,
CC1(C)C2CCC1(C)C(OC(=O)c1ccccc1C(=O)OC1CC3CCC1(C)C3(C)C)C2,"PHTHALIC ACID, DIBORNYL ESTER",,
CCCCOC(=O)c1ccccc1C(=O)OCCCC,"PHTHALIC ACID, DIBUTYL ESTER",817.4477778,
O=C(OC1CCCCC1)c1ccccc1C(=O)OC1CCCCC1,"PHTHALIC ACID, DICYCLOHEXYL ESTER",,
CCCCCCCCCCOC(=O)c1ccccc1C(=O)OCCCCCCCCCC,"PHTHALIC ACID, DIDECYL ESTER",,
CCOC(=O)c1ccccc1C(=O)OCC,"PHTHALIC ACID, DIETHYL ESTER",775.2255556,
CCCCCCCOC(=O)c1ccccc1C(=O)OCCCCCCC,"PHTHALIC ACID, DIHEPTYL ESTER",633.15,
CCCCCCOC(=O)c1ccccc1C(=O)OCCCCCC,"PHTHALIC ACID, DIHEXYL ESTER",827.4477778,"662 °F at 735 mmHg (NTP, 1992)"
CC(C)COC(=O)c1ccccc1C(=O)OCC(C)C,"PHTHALIC ACID, DIISOBUTYL ESTER",569.15,
CC(C)CCCCCCCOC(=O)c1ccccc1C(=O)OCCCCCCCC(C)C,"PHTHALIC ACID, DIISODECYL ESTER",,
CC(C)OC(=O)c1ccccc1C(=O)OC(C)C,"PHTHALIC ACID, DIISOPROPYL ESTER",,
CCCCCCCCCOC(=O)c1ccccc1C(=O)OCCCCCCCCC,"PHTHALIC ACID, DINONYL ESTER",890.2255556,
CCCCCCCCOC(=O)c1ccccc1C(=O)OCCCCCCCC,"PHTHALIC ACID, DIOCTYL ESTER",697.4477778,
CCCCCOC(=O)c1ccccc1C(=O)OCCCCC,"PHTHALIC ACID, DIPENTYL ESTER",819.67,
O=C(Oc1ccccc1)c1ccccc1C(=O)Oc1ccccc1,"PHTHALIC ACID, DIPHENYL ESTER",,
CCCOC(=O)c1ccccc1C(=O)OCCC,"PHTHALIC ACID, DIPROPYL ESTER",590.65,
CCCCOC(=O)c1c(Cl)c(Cl)c(Cl)c(Cl)c1C(=O)OCCCC,"PHTHALIC ACID, TETRACHLORO, DIBUTYL ESTER",,
CCCCCCCCCOC(=O)c1c(Cl)c(Cl)c(Cl)c(Cl)c1C(=O)OCCCCCCCCC,"PHTHALIC ACID, TETRACHLORO, DINONYL ESTER",,
CCCOC(=O)c1c(Cl)c(Cl)c(C(=O)OCCC)c(Cl)c1Cl,"PHTHALIC ACID, TETRACHLORO, DIPROPYL ESTER",,
CN1CCN(CCC#N)CC1,"PIPERAZINE, 1(2-CYANOETHYL), 4-METHYL",,
CC(=O)N1CCN(C)CC1,"PIPERAZINE, 1-ACETYL, 4-METHYL",,
CN1CCN(C=O)CC1,"PIPERAZINE, 1-FORMYL, 4-METHYL",,
CN1CCN(N=O)CC1,"PIPERAZINE, 1-METHYL, 4-NITROSO",,
CC(=O)N1CCCCC1,"PIPERIDINE, 1-ACETYL",499.65,
N#CN1CCCCC1,"PIPERIDINE, 1-CYANO",,
O=CN1CCCCC1,"PIPERIDINE, 1-FORMYL",495.65,
O=NN1CCCCC1,"PIPERIDINE, 1-NITROSO",694.67,"423 °F at 721 mmHg (NTP, 1992)"
O=[N+]([O-])N1CCCCC1,"PIPERIDINE, 1-NITRO",518.15,
C1CCNCC1,PIPERIDINE,583.5588889,
FCC(F)C(F)(F)F,"PROPANE, 1,1,1,2,3-PENTAFLUORO",,
FCC(F)(F)C(F)F,"PROPANE, 1,1,2,2,3-PENTAFLUORO",299.15,
CC(Cl)CCl,"PROPANE, 1,2-DICHLORO",368.65,
NCCCN,"PROPANE, 1,3-DIAMINO",612.9477778,"275.9 °F at 738 mmHg (NTP, 1992)"
CCCBr,"PROPANE, 1-BROMO",548.5588889,
CCC[N+](=O)[O-],"PROPANE, 1-NITRO",609.67,
CC(C)C,"PROPANE, 2-METHYL",465.67,
CC(C)[N+](=O)[O-],"PROPANE, 2-NITRO",597.7255556,
CCC,PROPANE,435.3366667,
CCC(=O)OC(C)C,"PROPANOIC ACID, 1-METHYLETHYL ESTER",382.65,
CC(=O)C(C)C#N,"PROPANOIC ACID, 2-ACETYL, NITRILE",,
CC(=O)OC(C)C#N,"PROPANOIC ACID, 2-HYDROXY, NITRILE, ACETATE",,
CC(C)(O)C(=O)O,"PROPANOIC ACID, 2-HYDROXY-, METHYL ESTER",485.15,
CC(O)C(=O)O,"PROPANOIC ACID, 2-HYDROXY",395.15,122 °C at 15 mm Hg
CC(C)C(=O)N(C)C,"PROPANOIC ACID, 2-METHYL, AMIDE, N,N-DIMETHYL",,
CNC(=O)C(C)C,"PROPANOIC ACID, 2-METHYL, AMIDE, N-METHYL",,
N#CCCN1CC1,"PROPANOIC ACID, 3(1-AZIRIDINYL), NITRILE",,
N#CCCN1CCCCC1,"PROPANOIC ACID, 3(1-PIPERIDINYL), NITRILE",,
N#CCCN1CCCC1,"PROPANOIC ACID, 3(1-PYRROLIDINYL), NITRILE",,
N#CCCn1cccc1,"PROPANOIC ACID, 3(1-PYRROLYL), NITRILE",,
N#CCCN1CCOCC1,"PROPANOIC ACID, 3(4-MORPHOLINYL), NITRILE",,
CCN(CC)CCC#N,"PROPANOIC ACID, 3(DIETHYLAMINO), NITRILE",,
CN(C)CCC#N,"PROPANOIC ACID, 3(DIMETHYLAMINO), NITRILE",649.67,
N#CCCOCC(COCCC#N)(COCCC#N)COCCC#N,"PROPANOIC ACID, 3,3',3'',3''' (NEOPENTANETETRAYLTETRAOXY) TETRA, NITRILE",,
N#CCCOCC(COCCC#N)OCCC#N,"PROPANOIC ACID, 3,3',3''-(1,2,3-PROPANETRIYLTRIOXY)TRI, NITRILE",,
N#CCCOCCOCCC#N,"PROPANOIC ACID, 3,3'-(ETHYLENEDIOXY)DI, NITRILE",,
N#CCCNCCC#N,"PROPANOIC ACID, 3,3'-IMINODI, DINITRILE",650.2255556,"343 °F at 10 mmHg (NTP, 1992)"
N#CCCOCCC#N,"PROPANOIC ACID, 3,3'-OXYDI, DINITRILE",579,
COC(=O)CCSCCC(=O)OC,"PROPANOIC ACID, 3,3'-THIODI, DIMETHYL ESTER",,
N#CCCSCCC#N,"PROPANOIC ACID, 3,3'-THIODI, DINITRILE",,
CC(CCOCCC#N)OCCC#N,"PROPANOIC ACID, 3,3'-[(1-METHYL-1,3-PROPANEDIYL)BIS(OXY)] BIS, NITRILE",,
N#CCCOCCOCCOCCC#N,"PROPANOIC ACID, 3,3'-[OXYBIS(ETHYLENEOXY)] DINITRILE",,
N#CCCOCC1COCO1,"PROPANOIC ACID, 3-(1,3-DIOXAN-5-YLOXY), NITRILE",,
N#CCCOCC(F)(F)C(F)F,"PROPANOIC ACID, 3-(2,2,3,3-TETRAFLUOROPROPOXY), NITRILE",,
Cc1ccccc1OCCC#N,"PROPANOIC ACID, 3-(2-METHYLPHENOXY), NITRILE",,
Cc1cccc(OCCC#N)c1,"PROPANOIC ACID, 3-(3-METHYLPHENOXY), NITRILE",,
Cc1ccc(OCCC#N)cc1,"PROPANOIC ACID, 3-(4-METHYLPHENOXY), NITRILE",,
N#CCCNc1ccccc1,"PROPANOIC ACID, 3-(ANILINO), NITRILE",,
N#CCCOCc1ccccc1,"PROPANOIC ACID, 3-(BENZYLOXY), NITRILE",,
CCCCOCCC#N,"PROPANOIC ACID, 3-BUTOXY, NITRILE",,
N#CCCCl,"PROPANOIC ACID, 3-CHLORO, NITRILE",448.65,
COC(=O)CCC#N,"PROPANOIC ACID, 3-CYANO, METHYL ESTER",484.15,
CCOCCC#N,"PROPANOIC ACID, 3-ETHOXY, NITRILE",426.65,
O=C1CCO1,"PROPANOIC ACID, 3-HYDROXY, BETA-LACTONE",639.67,
COC(=O)C(C)C#N,"PROPANOIC ACID, 3-HYDROXY, NITRILE, ACETATE",,
N#CCCO,"PROPANOIC ACID, 3-HYDROXY, NITRILE",705.2255556,
COCCC#N,"PROPANOIC ACID, 3-METHOXY, NITRILE",436.15,
N#CCCOCC1CCCO1,"PROPANOIC ACID, 3-OXY(TETRAHYDROFURFURYL), NITRILE",,
CCCCCOCCC#N,"PROPANOIC ACID, 3-PENTOXY, NITRILE",,
N#CCCOc1ccccc1,"PROPANOIC ACID, 3-PHENOXY, NITRILE",,
CCCOCCC#N,"PROPANOIC ACID, 3-PROPOXY, NITRILE",,
N#CCCSc1ccccc1,"PROPANOIC ACID, 3-THIOPHENOXY, NITRILE",,
N#CCCOCC(F)(F)C(F)(F)C(F)(F)C(F)F,"PROPANOIC ACID, 3-[(2,2,3,3,4,4,5,5-OCTAFLUOROPENTYL)OXY], NITRILE",,
CC1(C)OCC(OCCC#N)CO1,"PROPANOIC ACID, 3-[(2,2-DIMETHYL-1,3-DIOXAN-5-YL)OXY], NITRILE",,
CC1OCC(OCCC#N)CO1,"PROPANOIC ACID, 3-[(2-METHYL-1,3-DIOXAN-5-YL)OXY], NITRILE",,
CCC(=O)N(C)C,"PROPANOIC ACID, AMIDE, N,N-DIMETHYL",447.65,
CCNC(=O)CC,"PROPANOIC ACID, AMIDE, N-ETHYL",,
CCC(=O)NC,"PROPANOIC ACID, AMIDE, N-METHYL",421.15,
CCOC(=O)CC,"PROPANOIC ACID, ETHYL ESTER",576.3366667,
CN1CCC1=O,"PROPANOIC ACID, LACTAM, N-METHYL",,
CCC#N,"PROPANOIC ACID, NITRILE",574.67,
CCC(=O)O,PROPANOIC ACID,618.17,
C=C(C)C,"PROPENE, 2-METHYL",470.5588889,
C=CC,PROPENE,429.7255556,
[O-][n+]1ccccc1,"PYRIDINE, 1-OXIDE",,
Cc1cccc(CCO)n1,"PYRIDINE, 2(2-HYDROXYETHYL), 6-METHYL",,
OCCc1ccccn1,"PYRIDINE, 2(2-HYDROXYETHYL)",463.15,190 °C @ 200 mm Hg; 170 °C @ 100 mm Hg
Nc1ccccn1,"PYRIDINE, 2-AMINO",483.75,
c1ccc(Cc2ccccn2)cc1,"PYRIDINE, 2-BENZYL",550.15,
CCc1cccc(C)[n+]1[O-],"PYRIDINE, 2-METHYL, 6-ETHYL, 1-OXIDE",,
Cc1ccccn1,"PYRIDINE, 2-METHYL",402.45,
O=[N+]([O-])c1ccccn1,"PYRIDINE, 2-NITRO",,
Nc1cccnc1,"PYRIDINE, 3-AMINO",525.15,
CCc1cccnc1,"PYRIDINE, 3-ETHYL",438.15,
c1ccc(Cc2ccncc2)cc1,"PYRIDINE, 4-BENZYL",561.15,
O=[N+]([O-])c1ccncc1,"PYRIDINE, 4-NITRO",,
Fc1nc(F)c(F)c(F)c1F,"PYRIDINE, PENTAFLUORO",,
c1ccncc1,PYRIDINE,592.4477778,
CC(=O)n1cccc1,"PYRROLE, 1-ACETYL",,
CC(=O)N1CCCC1,"PYRROLIDINE, 1-ACETYL",,
O=NN1CCCC1,"PYRROLIDINE, 1-NITROSO",691.3366667,
[O-][n+]1cccc2ccccc21,"QUINOLINE, 1-OXIDE",,
Cc1cc(Cl)nc2ccccc12,"QUINOLINE, 2-CHLORO, 4-METHYL",569.15,
Cc1ccc2ccccc2n1,"QUINOLINE, 2-METHYL",725.0588889,
Cc1ccnc2ccccc12,"QUINOLINE, 4-METHYL",535.15,
O=[N+]([O-])c1cccc2ncccc12,"QUINOLINE, 5-NITRO",,
COc1ccc2ncccc2c1,"QUINOLINE, 6-METHOXY",579.15,
COc1cccc2cccnc12,"QUINOLINE, 8-METHOXY",556.15,
O=[N+]([O-])c1cccc2cccnc12,"QUINOLINE, 8-NITRO",,
c1ccc2ncccc2c1,QUINOLINE,715.2255556,
CO[Si](OC)(OC)OC,"SILANE, TETRAMETHOXY",598.5588889,
CC(C)CCCC(C)CCCC(C)CCCCC(C)CCCC(C)CCCC(C)C,"SQUALENE, PERHYDRO",623.15,
CC(C)=CCCC(C)=CCCC(C)=CCCC=C(C)CCC=C(C)CCC=C(C)C,SQUALENE,,
CCCCCCCC[Sn](Cl)(CCCCCCCC)CCCCCCCC,"STANNANE, CHLORIDE-, TRIOCTYL",,
CCCCCCCC[Sn](Cl)(Cl)CCCCCCCC,"STANNANE, DICHLORODIOCTYL",,
CCCC[Sn](CCCC)(CCCC)CCCC,"STANNANE, TETRABUTYL",418.15,145 °C @ 10 mm Hg
CCCCCCCCCCCC[Sn](CCCCCCCCCCCC)(CCCCCCCCCCCC)CCCCCCCCCCCC,"STANNANE, TETRADODECYL",,
CCCCCCCC[Sn](CCCCCCCC)(CCCCCCCC)CCCCCCCC,"STANNANE, TETRAOCTYL",,
CCCCC[Sn](CCCCC)(CCCCC)CCCCC,"STANNANE, TETRAPENTYL",,
CCCCOC(=O)CCC(=O)OCCCC,"SUCCINIC ACID, DIBUTYL ESTER",547.65,
CCOC(=O)CCC(=O)OCC,"SUCCINIC ACID, DIETHYL ESTER",490.85,
CC(C)CCCCCOC(=O)CCC(=O)OCCCCCC(C)C,"SUCCINIC ACID, DIISOOCTYL ESTER",,
COC(=O)CCC(=O)OC,"SUCCINIC ACID, DIMETHYL ESTER",673.8366667,
N#CCCC#N,"SUCCINIC ACID, DINITRILE",539.15,
CCCCCCCCCOC(=O)CCC(=O)OCCCCCCCCC,"SUCCINIC ACID, DINONYL ESTER",,
COC(=O)CC(C=O)C(=O)OC,"SUCCINIC ACID, FORMYL, DIMETHYL ESTER",,
OCCSCCO,"SULFIDE, DIETHYL, 2,2'-DIHYDROXY",555.15,
CCSCCO,"SULFIDE, DIETHYL, 2-HYDROXY",457.15,
O=[N+]([O-])c1cc(S(=O)(=O)C(F)(F)F)ccc1F,"SULFONE, 4-FLUORO-3-NITROPHENYL, TRIFLUOROMETHYL",,
C=CS(=O)(=O)C=C,"SULFONE, DIETHENYL",711.3366667,
O=S(=O)(c1ccccc1)C(F)F,"SULFONE, DIFLUOROMETHYL, PHENYL",,
CCS(C)(=O)=O,"SULFONE, ETHYL, METHYL",,
O=S(=O)(c1ccccc1)C(F)(F)F,"SULFONE, PHENYL, TRIFLUOROMETHYL",,
CC1CC(C)S(=O)(=O)C1,"SULFONE, TETRAMETHYLENE, 2,4-DIMETHYL",,
COC1CCS(=O)(=O)C1,"SULFONE, TETRAMETHYLENE, 3-METHOXY",,
CC1CCS(=O)(=O)C1,"SULFONE, TETRAMETHYLENE, 3-METHYL",,
O=S1(=O)CCCC1,"SULFONE, TETRAMETHYLENE",762.4477778,
CCS(=O)CC,"SULFOXIDE, DIETHYL",,
CS(C)=O,"SULFOXIDE, DIMETHYL",666.3366667,
O=S(c1ccccc1)c1ccccc1,"SULFOXIDE, DIPHENYL",,
CCCS(=O)CCC,"SULFOXIDE, DIPROPYL",,
CCS(=O)C(C)C,"SULFOXIDE, ETHYL ISOPROPYL",,
CCCS(=O)C(C)C,"SULFOXIDE, ISOPROPYL PROPYL",,
CCCS(C)=O,"SULFOXIDE, METHYL PROPYL",,
O=S1CCCC1,"SULFOXIDE, TETRAMETHYLENE",509.15,
O=S=O,SULFUR DIOXIDE,467.4477778,
CCOS(=O)(=O)OCC,"SULFURIC ACID, DIETHYL ESTER",686.8922222,
C=CS(=O)(=O)O,"SULFUROUS ACID, ETHYLENE ESTER",,
CCCCCCCCCCCCCCCCCCCCCCCCCCCCCCCCCCCCCCCC,TETRACONTANE,,
CCCCCCCCCCCCCCCCCCCCCCCC,TETRACOSANE,868.7255556,
CCCCCCCCCCCCCCc1ccccc1,"TETRADECANE, 1-PHENYL",836.3366667,
CCCCCCC(C)C(C)CCCCCC,"TETRADECANE, 7,8-DIMETHYL",,
CCCCCCCCCCCCCC,TETRADECANE,731.17,
CCCCCCCCCCCCCC(=O)N(C)C,"TETRADECANOIC ACID, AMIDE, N,N-DIMETHYL",,
COCCOCCOCCOCCOC,"TETRAETHYLENE GLYCOL, DIMETHYL ETHER",548.45,
OCCOCCOCCOCCO,TETRAETHYLENE GLYCOL,804.67,
c1ccc2c(c1)CCCC2,TETRALIN,685.2255556,
CCCCCCCCCCCCCCCCCCCCCCCCCCCCCCCCCC,TETRATRIACONTANE,756.15,
Cc1csc(N)n1,"THIAZOLE, 2-AMINO, 4-METHYL",,
CC(=O)N1CCSC1,"THIAZOLIDINE, 3-ACETYL",,
CC1CCS1(=O)=O,"THIETANE, 2-METHYL, 1,1-DIOXIDE",,
COC(=O)CSCC(=O)OC,"THIODIGLYCOLIC ACID, DIMETHYL ESTER",,
CC(=O)c1cccs1,"THIOPHENE, 2-ACETYL",486.65,
Cc1c([N+](=O)[O-])cc([N+](=O)[O-])cc1[N+](=O)[O-],"TOLUENE, 2,4,6-TRINITRO",717.4477778,
Cc1ccc([N+](=O)[O-])cc1[N+](=O)[O-],"TOLUENE, 2,4-DINITRO",777.4477778,
Cc1ccccc1N,"TOLUENE, 2-AMINO",473.45,
FC(F)(F)c1ccccc1Cl,"TOLUENE, 2-CHLORO, ALPHA, ALPHA, ALPHA-TRIFLUORO",425.35,
Cc1ccccc1O,"TOLUENE, 2-HYDROXY",668.5588889,
O=[N+]([O-])c1cc(C(F)(F)F)cc([N+](=O)[O-])c1F,"TOLUENE, 3,5-DINITRO, ALPHA, ALPHA, ALPHA, 4-TETRAFLUORO",,
O=[N+]([O-])c1cc([N+](=O)[O-])cc(C(F)(F)F)c1,"TOLUENE, 3,5-DINITRO, ALPHA, ALPHA, ALPHA-TRIFLUORO",,
Nc1cc(C(F)(F)F)ccc1Cl,"TOLUENE, 3-AMINO, 4-CHLORO, ALPHA, ALPHA, ALPHA-TRIFLUORO",,
Cc1cccc(O)c1,"TOLUENE, 3-HYDROXY",680.2255556,
O=[N+]([O-])c1cc(C(F)(F)F)ccc1F,"TOLUENE, 3-NITRO, ALPHA, ALPHA, ALPHA, 4-TETRAFLUORO",,
O=[N+]([O-])c1cccc(C(F)(F)F)c1,"TOLUENE, 3-NITRO, ALPHA, ALPHA, ALPHA-TRIFLUORO",680.2255556,
Cc1ccc(N)cc1,"TOLUENE, 4-AMINO",678.0033333,
O=[N+]([O-])c1cc(C(F)(F)F)cc([N+](=O)[O-])c1Cl,"TOLUENE, 4-CHLORO, 3,5-DINITRO, ALPHA, ALPHA, ALPHA-TRIFLUORO",,
O=[N+]([O-])c1cc(C(F)(F)F)ccc1Cl,"TOLUENE, 4-CHLORO, 3-NITRO, ALPHA, ALPHA, ALPHA-TRIFLUORO",700.0588889,
O=[N+]([O-])c1cc(C(F)(F)F)ccc1O,"TOLUENE, 4-HYDROXY, 3-NITRO, ALPHA, ALPHA, ALPHA-TRIFLUORO",,
Cc1ccc(O)cc1,"TOLUENE, 4-HYDROXY",679.2255556,
O=[N+]([O-])c1ccc(C(F)F)cc1,"TOLUENE, ALPHA, ALPHA-DIFLUORO, 4-NITRO",,
NCc1ccccc1,"TOLUENE, ALPHA-AMINO",661.9477778,
OCc1c(F)c(F)c(F)c(F)c1F,"TOLUENE, ALPHA-HYDROXY, 2,3,4,5,6-PENTAFLUORO",454.15,
CC(O)c1c(F)c(F)c(F)c(F)c1F,"TOLUENE, ALPHA-HYDROXY, ALPHA-METHYL, 2,3,4,5,6-PENTAFLUORO",,
Cc1ccccc1,TOLUENE,588.0588889,
CCCCCCCCCCCCCCCCCCCCCCCCCCCCCC,TRIACONTANE,927.17,
CCCCCCCCCCCCC,TRIDECANE,712.8366667,
CCCCOCCOCCOCCOCCCC,"TRIETHYLENE GLYCOL, DIBUTYL ETHER",,
OCCOCCOCCO,TRIETHYLENE GLYCOL,762.4477778,
NCCNCCNCCN,TRIETHYLENETETRAMINE,539.65,
CCCCOCCCOCCCOCCCOCCCC,"TRIPROPYLENE GLYCOL, DIBUTYL ETHER",,
COCCCOCCCOCCCOC,"TRIPROPYLENE GLYCOL, DIMETHYL ETHER",,
CCCCCCCCCCC,UNDECANE,673.3366667,
CN(C)C(=O)N(C)C,"UREA, 1,1,3,3-TETRAMETHYL",449.65,
O,WATER,577.4477778,
O=C1CSCCO1,"1,4-OXATHIAN-2-ONE",,
C=C(C)CC,"1-BUTENE, 2-METHYL",304.35,
O=CC1=CCCCC1,1-CYCLOHEXENE-1-CARBOXALDEHYDE,,
COC(=O)n1cccc1,"1-PYRROLECARBOXYLIC ACID, METHYL ESTER",,
OCCNCCO,"AMINE, DIETHYL-2,2'-DIHYDROXY",746.5588889,
CCNc1ccccc1,"ANILINE, N-ETHYL",682.17,
CCC1CCCCC1,"CYCLOHEXANE, ETHYL",609.1144444,
CCC1CCCC1c1ccccc1,"CYCLOPENTANE, 1-ETHYL, 2-PHENYL",,
CCOC(C)(C)CC,"ETHER, ETHYL TERT.PENTYL",375.15,
CC1C=CC(=O)O1,"PENTANOIC ACID, 4-HYDROXY, GAMMA-LACTONE",482.15,
Cc1cc(C)nc(C)c1,"PYRIDINE, 2,4,6-TRIMETHYL",443.75,
Cc1cccc(C)n1,"PYRIDINE, 2,6-DIMETHYL",417.25,
COCCOCCOCCOC(C)(C)C,2-[2-[2-(2-methoxyethoxy)ethoxy]ethoxy]-2-methylpropane,,
CCCCOCCOCCOCCOCCCC(C)(C)C,"1-[2-[2-(2-butoxyethoxy)ethoxy]ethoxy]-4,4-dimethylpentane",,
CSSC,(methyldisulfanyl)methane,587.17,
CCCCCCCCCCCCCCCCCCCCO,icosan-1-ol,645.15,
NCCCCCCCCN,"octane-1,8-diamine",498.15,
NCCCCCCCCCCN,"decane-1,10-diamine",,
C1CCC2CCCCC2C1,"1,2,3,4,4a,5,6,7,8,8a-decahydronaphthalene",672.4477778,
CCCCC(CC)CCC(C)(CC(CC)CCCC)C(N)=O,5-ethyl-2-(2-ethylhexyl)-2-methylnonanamide,,
O=S1OCCO1,"1,3,2-dioxathiolane 2-oxide",446.15,
C=CC1CCCS1(=O)=O,"2-ethenylthiolane 1,1-dioxide",,
CCCCCCCCCCCCCCCC(=O)OCC(O)CO,"2,3-dihydroxypropyl hexadecanoate",,
CCCCCCCCCCCCCCCC(=O)OCC(O)COC(=O)CCCCCCCCCCCCCCC,(3-hexadecanoyloxy-2-hydroxypropyl) hexadecanoate,,
CCCCCCCCCC(=O)O,decanoic acid,541.85,
CCCCCCCCCCCC(=O)O,dodecanoic acid,702.4477778,"437 °F at 100 mmHg (NTP, 1992)"
CCCCCCCCCCCCCC(=O)O,tetradecanoic acid,727.9477778,"482.9 °F at 100 mmHg (NTP, 1992)"
CCCCCCCCC=CCCCCCCCC(=O)O,octadec-9-enoic acid,,
CCCCCC=CCC=CCCCCCCCC(=O)O,"octadeca-9,12-dienoic acid",,
CCC=CCC=CCC=CCCCCCCCC(=O)O,"octadeca-9,12,15-trienoic acid",,
C1COCCOCCOCCOCCOCCO1,"1,4,7,10,13,16-hexaoxacyclooctadecane",,
O=S1(=O)CC=CC1,"2,5-dihydrothiophene 1,1-dioxide",,
NC1CCS(=O)(=O)C1,"1,1-dioxothiolan-3-amine",,
C1CCOCC1,oxane,361.15,
CCCCOCCO,2-butoxyethanol,648.5588889,"340 °F at 743 mmHg (NTP, 1992)"
CCCOCCO,2-propoxyethanol,626.8922222,
CC(C)OCCO,2-propan-2-yloxyethanol,618.4477778,
CCCCCCCCCCOC1CCS(=O)(=O)C1,"3-decoxythiolane 1,1-dioxide",,
O=S1(=O)CCC(O)C1,"1,1-dioxothiolan-3-ol",,
FC(Cl)(Cl)C(F)(Cl)Cl,"1,1,2,2-tetrachloro-1,2-difluoroethane",570.2255556,
CCCCOC(=O)COC(=O)c1ccccc1C(=O)OCCCC,"2-O-(2-butoxy-2-oxoethyl) 1-O-butyl benzene-1,2-dicarboxylate",618.15,
CCCCCOC(C)=O,pentyl acetate,623.5588889,
CC1=CC2CC(C1)C2(C)C,"3,6,6-trimethylbicyclo[3.1.1]hept-2-ene",,
N#CCCCCCCCCC#N,decanedinitrile,,
CCCCCCCCCCCCCCCCCCC(F)(F)C(F)(F)C(F)(F)C(F)(F)F,"1,1,1,2,2,3,3,4,4-nonafluorodocosane",,
CCCCCCCCCCCCCCCCC(F)(F)C(F)(F)C(F)(F)C(F)(F)C(F)(F)C(F)(F)F,"1,1,1,2,2,3,3,4,4,5,5,6,6-tridecafluorodocosane",,
CCCCCCCCCCCCC(F)(F)C(F)(F)C(F)(F)C(F)(F)C(F)(F)C(F)(F)F,"1,1,1,2,2,3,3,4,4,5,5,6,6-tridecafluorooctadecane",,
CCCCCCCCCCCCC(F)(F)C(F)(F)C(F)(F)C(F)(F)C(F)(F)C(F)(F)C(F)(F)C(F)(F)F,"1,1,1,2,2,3,3,4,4,5,5,6,6,7,7,8,8-heptadecafluoroicosane",,
OCCN(CCO)CCN(CCO)CCO,2-[2-[bis(2-hydroxyethyl)amino]ethyl-(2-hydroxyethyl)amino]ethanol,,
NCCNCCNCCNCCN,"N'-[2-[2-(2-aminoethylamino)ethylamino]ethyl]ethane-1,2-diamine",817.4477778,
N#CCCCCCCCCCCCCC#N,tetradecanedinitrile,,
CCCCN(CCCC)C(=O)c1ccccc1,"N,N-dibutylbenzamide",,
CCOC,methoxyethane,280.55,
CC(=O)OC(C)C,propan-2-yl acetate,361.75,
Cc1ccc(C)c(C)c1,"1,2,4-trimethylbenzene",645.4477778,
CC1CCCS1(=O)=O,2-Methylsulfolane,,
[O-][S+]1CCCC1,Tetramethylene sulfoxide,509.15,
Cc1ccc(OP(=O)(Oc2ccc(C)cc2)Oc2ccc(C)cc2)cc1,Tricresyl phosphate,701.3366667,"435 °F at 3.5 mmHg (NTP, 1992)"
